epoch,accuracy,loss,val_accuracy,val_loss
0,0.6524989008903503,0.8884226083755493,0.6666666865348816,0.7840895056724548
